{"cameraMode":{"drawMode":0,"name":"Shaded","section":"Shading Mode"},"sceneLighting":true,"audioPlay":false,"sceneViewState":{"showFog":true,"showMaterialUpdate":false,"showSkybox":true,"showFlares":true,"showImageEffects":true,"showParticleSystems":true},"in2DMode":false,"pivot":{"x":0.5940089225769043,"y":-1.110177993774414,"z":0.9628865718841553},"rotation":{"x":-0.2387693077325821,"y":0.6941396594047546,"z":-0.265094518661499,"w":-0.6252083778381348},"size":2.4152910709381105,"orthographic":false}